{
	"description": "项目配置文件",
	"packOptions": {
		"ignore": []
	},
	"setting": {
		"urlCheck": false,
		"es6": true,
		"postcss": true,
		"preloadBackgroundData": false,
		"minified": true,
		"newFeature": true,
		"coverView": true,
		"autoAudits": false,
		"showShadowRootInWxmlPanel": true,
		"scopeDataCheck": false,
		"checkInvalidKey": true,
		"checkSiteMap": true,
		"uploadWithSourceMap": true,
		"babelSetting": {
			"ignore": [],
			"disablePlugins": [],
			"outputPath": ""
		}
	},
	"compileType": "miniprogram",
	"libVersion": "2.10.3",
	"appid": "wx2221f1696f8dad97",
	"projectname": "%E9%80%8D%E9%81%A5%E7%A8%8B%E5%BA%8F%E5%91%98",
	"debugOptions": {
		"hidedInDevtools": []
	},
	"isGameTourist": false,
	"simulatorType": "wechat",
	"simulatorPluginLibVersion": {},
	"condition": {
		"search": {
			"current": -1,
			"list": []
		},
		"conversation": {
			"current": -1,
			"list": []
		},
		"plugin": {
			"current": -1,
			"list": []
		},
		"game": {
			"currentL": -1,
			"list": []
		},
		"gamePlugin": {
			"current": -1,
			"list": []
		},
		"miniprogram": {
			"current": -1,
			"list": [
				{
					"id": -1,
					"name": "pages/Communication/index",
					"pathName": "pages/Communication/index",
					"query": "",
					"scene": null
				},
				{
					"id": -1,
					"name": "pages/mine/index",
					"pathName": "pages/mine/index",
					"query": "",
					"scene": null
				},
				{
					"id": -1,
					"name": "pages/up/index",
					"pathName": "pages/up/index",
					"query": "",
					"scene": null
				},
				{
					"id": -1,
					"name": "pages/uplun/index",
					"pathName": "pages/uplun/index",
					"query": "",
					"scene": null
				},
				{
					"id": -1,
					"name": "pages/itemMannage/index",
					"pathName": "pages/itemMannage/index",
					"query": "",
					"scene": null
				},
				{
					"id": -1,
					"name": "pages/uplun/index",
					"pathName": "pages/uplun/index",
					"query": "",
					"scene": null
				},
				{
					"id": -1,
					"name": "pages/mycontent/index",
					"pathName": "pages/mycontent/index",
					"scene": null
				}
			]
		}
	}
}